title,company,location,category,job_type,deadline,salary,url,salary_disclosed,days_until_deadline,job_type_encoded,location_encoded,category_encoded,deadline_status
Female Security Officer,JOBS.KRD Client 5,Erbil,Security Services/Facility Security,Full time,2026-05-24,Not disclosed,https://jobs.krd/explore-jobs/Female-Security-Officer-3126,0,7,1,1,22,1
Payroll & Time Management Assistant,Bahar Holding,Sulaymaniyah,Administration/Operations,Full time,2026-05-24,Not disclosed,https://jobs.krd/explore-jobs/Payroll-&-Time-Management-Assistant-3125,0,7,1,5,0,1
Marketing Supervisor - Electronics,Bahar Holding,Sulaymaniyah,Marketing,Full time,2026-05-24,Not disclosed,https://jobs.krd/explore-jobs/Marketing-Supervisor---Electronics-3124,0,7,1,5,15,1
Executive Assistant,Bahar Holding,Sulaymaniyah,Administration/Operations,Full time,2026-05-24,Not disclosed,https://jobs.krd/explore-jobs/Executive-Assistant-3123,0,7,1,5,0,1
Instrumentation & Control Engineer,Bahar Holding,Sulaymaniyah,Engineering,Full time,2026-05-24,Not disclosed,https://jobs.krd/explore-jobs/Instrumentation-&-Control-Engineer-3122,0,7,1,5,6,1
Bellboy,Shahan Company,Duhok,Front Office / Guest Services,Full time,2026-05-24,Not disclosed,https://jobs.krd/explore-jobs/Bellboy-3121,0,7,1,0,11,1
Waiter,Shahan Company,Duhok,Food and Beverage Service (F&B),Full time,2026-05-24,Not disclosed,https://jobs.krd/explore-jobs/Waiter-3120,0,7,1,0,10,1
Housekeeping Attendant,Shahan Company,Duhok,Facilities Management,Full time,2026-05-24,Not disclosed,https://jobs.krd/explore-jobs/Housekeeping-Attendant-3119,0,7,1,0,8,1
Promoter,Deyari Group,Kirkuk,Marketing,Full time,2026-05-24,Not disclosed,https://jobs.krd/explore-jobs/Promoter-3118,0,7,1,2,15,1
Technical Support Specialist,Getty Tech,Erbil,Information Technology (IT),Full time,2026-05-21,Not disclosed,https://jobs.krd/explore-jobs/Technical-Support-Specialist-3116,0,4,1,1,13,1
Marketing Coordinator,JOBS.KRD Careers,Erbil,Marketing,Full time,2026-05-21,Not disclosed,https://jobs.krd/explore-jobs/Marketing-Coordinator-3115,0,4,1,1,15,1
Quality Assurance Technician,JOBS.KRD Careers,Erbil,Quality Assurance/Quality Control (QA/QC),Full time,2026-05-21,"{'id': 1, 'name': 'IQD'} 600000.00–900000.00 / Monthly",https://jobs.krd/explore-jobs/Quality-Assurance-Technician-3114,1,4,1,1,20,1
Marketplace Category Manager,Galina Express,Erbil,Marketing,Full time,2026-05-21,Not disclosed,https://jobs.krd/explore-jobs/Marketplace-Category-Manager-3113,0,4,1,1,15,1
Administrative Assistant,JOBS.KRD Client 5,Erbil,Administration/Operations,Full time,2026-05-21,Not disclosed,https://jobs.krd/explore-jobs/Admin-Assistant-3112,0,4,1,1,0,1
Sales -Skylla,Arizanti Company,Erbil,Sales,Full time,2026-05-21,"{'id': 1, 'name': 'IQD'} 950000.00–1000000.00 / Monthly",https://jobs.krd/explore-jobs/Sales--Skylla-3111,1,4,1,1,21,1
Social Media Manager,Sterling Lex,Erbil,Marketing,Full time,2026-05-20,Not disclosed,https://jobs.krd/explore-jobs/Social-Media-Manager-3110,0,3,1,1,15,1
ICT Teacher,JOBS.KRD Client 13,Erbil,Education,Full time,2026-05-20,Not disclosed,https://jobs.krd/explore-jobs/ICT-Teacher-3109,0,3,1,1,5,1
Visa Consultant,Life Travel Agency,Erbil,Customer Service/Support,Full time,2026-05-19,Not disclosed,https://jobs.krd/explore-jobs/Visa-Consultant-3107,0,2,1,1,3,1
Agricultural Engineer,NRCO General Trading,Zakho,Engineering,Full time,2026-05-19,Not disclosed,https://jobs.krd/explore-jobs/Agricultural-Engineer-3108,0,2,1,6,6,1
Hostess at Buffalo Wings & Rings,ALSALT Hospitality,Erbil,Customer Service/Support,Full time,2026-05-20,Not disclosed,https://jobs.krd/explore-jobs/Hostess-at-Buffalo-Wings-&-Rings-3106,0,3,1,1,3,1
CV Collection For Sales Sector,JOBS.KRD Careers,Duhok,Sales,Full time,2026-05-19,Not disclosed,https://jobs.krd/explore-jobs/CV-Collection-For-Sales-Sector-3104,0,2,1,0,21,1
CV Collection For Sales Sector,JOBS.KRD Careers,Sulaymaniyah,Sales,Full time,2026-05-19,Not disclosed,https://jobs.krd/explore-jobs/CV-Collection-For-Sales-Sector-3105,0,2,1,5,21,1
Sales Executive,Erbil International Hotel,Erbil,Sales,Full time,2026-05-19,Not disclosed,https://jobs.krd/explore-jobs/Sales-Executive-3102,0,2,1,1,21,1
CV Collection for Sales Sector,JOBS.KRD Careers,Erbil,Sales,Full time,2026-05-19,Not disclosed,https://jobs.krd/explore-jobs/CV-Collection-for-Sales-Department-3103,0,2,1,1,21,1
Sales Consultant (Female),Selma furniture,Erbil,Sales,Part time,2026-05-21,Not disclosed,https://jobs.krd/explore-jobs/sales-consultant-3100,0,4,2,1,21,1
Outlet Decoration & Visual Merchandising Specialist,Shahan Company,Duhok,Operations/Production,Full time,2026-05-21,Not disclosed,https://jobs.krd/explore-jobs/Outlet-Decoration-&-Visual-Merchandising-Specialist-3098,0,4,1,0,17,1
Flexo & Label Designer,FABYAB CO.,Erbil,Marketing,Full time,2026-05-19,Not disclosed,https://jobs.krd/explore-jobs/Flexo-&-Label-Designer-3101,0,2,1,1,15,1
Warehouse Coordinator,ALSALT Hospitality,Erbil,Facilities Management,Full time,2026-05-18,Not disclosed,https://jobs.krd/explore-jobs/Warehouse-Coordinator-3097,0,1,1,1,8,1
Quality Control Inspector,ALSALT Hospitality,Erbil,Quality Assurance/Quality Control (QA/QC),Full time,2026-05-18,Not disclosed,https://jobs.krd/explore-jobs/Quality-Control-Inspector-3096,0,1,1,1,20,1
Real Estate Agent,Haji Saffin Real Estate,Erbil,Sales,Full time,2026-05-18,Not disclosed,https://jobs.krd/explore-jobs/Real-Estate-Agent-3095,0,1,1,1,21,1
Business Development Specialist,USOFTS,Erbil,Business Development,Full time,2026-05-25,Not disclosed,https://jobs.krd/explore-jobs/Business-Development-Specialist-3094,0,8,1,1,1,1
Sales Development Assistant Specialist/Specialist – Paint and Thermal Insulation,Kalekim,Erbil,Sales,Full time,2026-05-18,Not disclosed,https://jobs.krd/explore-jobs/Sales-Development-Assistant-Specialist/Specialist-–-Paint-and-Thermal-Insulation-3092,0,1,1,1,21,1
Sales Person (Female),Marjan Xoman,Duhok,Sales,Full time,2026-05-17,"{'id': 1, 'name': 'IQD'} 750000.00–800000.00 / Monthly",https://jobs.krd/explore-jobs/Sales-Person-3089,1,0,1,0,21,1
Sales Person,JOBS.KRD Careers,Erbil,Sales,Full time,2026-05-17,Not disclosed,https://jobs.krd/explore-jobs/Sales-Person-3090,0,0,1,1,21,1
Quality Control Officer,JOBS.KRD Careers,Erbil,Quality Assurance/Quality Control (QA/QC),Full time,2026-05-17,Not disclosed,https://jobs.krd/explore-jobs/Quality-Control-Officer-3091,0,0,1,1,20,1
Female Gym Coach,JOBS.KRD Client 5,Erbil,Sport and Fittness,Full time,2026-05-17,Not disclosed,https://jobs.krd/explore-jobs/Female-Gym-Coach-3087,0,0,1,1,23,1
Personal Assistant,Al Fuladh,Erbil,Administration/Operations,Full time,2026-05-17,Not disclosed,https://jobs.krd/explore-jobs/Personal-Assistant-3088,0,0,1,1,0,1
Mechanical Engineer,Al Fuladh,Erbil,Engineering,Full time,2026-05-17,Not disclosed,https://jobs.krd/explore-jobs/Mechanical-Engineer-3086,0,0,1,1,6,1
Assistant Chef,Coccolina Bakehaus & Tea,Erbil,Operations/Production,Full time,2026-05-17,Not disclosed,https://jobs.krd/explore-jobs/Assistant-Chef-3085,0,0,1,1,17,1
Video Editor,Havi Printing,Duhok,Marketing,Full time,2026-05-17,Not disclosed,https://jobs.krd/explore-jobs/Video-Editor-3079,0,0,1,0,15,1
Salesperson,Arizanti Company,Erbil,Sales,Full time,2026-05-17,Not disclosed,https://jobs.krd/explore-jobs/Salesperson-3084,0,0,1,1,21,1
Operation Assistant,Arizanti Company,Erbil,Operations/Production,Full time,2026-05-17,Not disclosed,https://jobs.krd/explore-jobs/Operation-Assistant-3083,0,0,1,1,17,1
Program Manager,JOBS.KRD,Erbil,Project Management,Full time,2026-05-18,Not disclosed,https://jobs.krd/explore-jobs/Program-Manager-3082,0,1,1,1,18,1
Laboratory Staff,Packink,Erbil,Facilities Management,Full time,2026-05-19,Not disclosed,https://jobs.krd/explore-jobs/Laboratory-Staff-3081,0,2,1,1,8,1
Purchasing Officer,Packink,Erbil,Operations/Production,Full time,2026-05-19,Not disclosed,https://jobs.krd/explore-jobs/Purchasing-Officer-3080,0,2,1,1,17,1
Frontend Developer,Weshadow LLC,Erbil,Information Technology (IT),Full time,2026-05-19,Not disclosed,https://jobs.krd/explore-jobs/Frontend-Developer-3077,0,2,1,1,13,1
Senior Graphic Designer,Weshadow LLC,Erbil,Marketing,Full time,2026-05-19,Not disclosed,https://jobs.krd/explore-jobs/Senior-Graphic-Designer-3076,0,2,1,1,15,1
HR Officer,Weshadow LLC,Erbil,Human Resources,Full time,2026-05-19,Not disclosed,https://jobs.krd/explore-jobs/HR-Officer-3075,0,2,1,1,12,1
Marketing Specialist,Weshadow LLC,Erbil,Marketing,Full time,2026-05-19,Not disclosed,https://jobs.krd/explore-jobs/Marketing-Specialist-3074,0,2,1,1,15,1
Senior Video Editor,Weshadow LLC,Erbil,Marketing,Full time,2026-05-19,Not disclosed,https://jobs.krd/explore-jobs/Senior-Video-Editor-3073,0,2,1,1,15,1
Teachers for Upcoming Academic Year,Fam Group,Ranya (Sulaymaniyah Province),Education,Full time,2026-05-25,Not disclosed,https://jobs.krd/explore-jobs/Teachers-for-Upcoming-Academic-Year-3070,0,8,1,4,5,1
Volunteer Services Coordinator,VolunteerKRD,Erbil,Operations/Production,Full time,2026-05-19,Not disclosed,https://jobs.krd/explore-jobs/Volunteer-Services-Coordinator-3068,0,2,1,1,17,1
Teacher,Classical School of the Medes,Duhok,Education,Full time,2026-08-15,Not disclosed,https://jobs.krd/explore-jobs/Teacher-3058,0,90,1,0,5,1
Teacher,Classical School of the Medes,Sulaymaniyah,Education,Full time,2026-08-15,Not disclosed,https://jobs.krd/explore-jobs/Teacher-3057,0,90,1,5,5,1
Teacher,Classical School of the Medes,Erbil,Education,Full time,2026-08-15,Not disclosed,https://jobs.krd/explore-jobs/Teacher-3056,0,90,1,1,5,1
Kitchen Team Leader,ALSALT Hospitality,Erbil,Operations/Production,Full time,2026-05-22,"{'id': 1, 'name': 'IQD'} 0.00–0.00 / Monthly",https://jobs.krd/explore-jobs/Kitchen-Team-Leader-3011,1,5,1,1,17,1
Marketing Specialist,Weshadow LLC,Erbil,Unknown,Full time,2026-06-23,Not disclosed,https://jobs.krd/explore-jobs/Marketing-Specialist-2889,0,37,1,1,28,1
Marketing Manager,Galina Express,Erbil,Marketing,Full time,2026-05-29,Not disclosed,https://jobs.krd/explore-jobs/Marketing-Manager-2831,0,12,1,1,15,1
Tech Lead,Galina Express,Erbil,Information Technology (IT),Full time,2026-06-13,Not disclosed,https://jobs.krd/explore-jobs/Tech-Lead-2709,0,27,1,1,13,1
Web Developer,Shahan Company,Duhok,Information Technology (IT),Full time,2026-05-30,Not disclosed,https://jobs.krd/explore-jobs/Web-Development-3099,0,13,1,0,13,1
Cashier (Female),DDK Collection Hotel,Duhok,Finance,Full time,2026-05-15,Not disclosed,https://jobs.krd/explore-jobs/Cashier-(Female)-3071,0,-2,1,0,9,0
Videography & Editor,Best Code,Duhok,Marketing,Full time,2026-05-12,Not disclosed,https://jobs.krd/explore-jobs/Videography-&-Editor-3066,0,-5,1,0,15,0
Senior Graphic Designer,Shahan Al-Alamiya,Sulaymaniyah,Unknown,Full time,2026-05-12,"{'id': 1, 'name': 'IQD'} 0.00–0.00 / Monthly",https://jobs.krd/explore-jobs/Senior-Graphic-Designer-3065,1,-5,1,5,28,0
Cashier (Female),Al-Jazeera Dairy,Erbil,Sales,Part time,2026-05-11,Not disclosed,https://jobs.krd/explore-jobs/Cashier-3064,0,-6,2,1,21,0
Carwash Supervisor,JOBS.KRD Client 5,Erbil,Unknown,Full time,2026-05-10,Not disclosed,https://jobs.krd/explore-jobs/carwash-supervisor-3063,0,-7,1,1,28,0
Accountant,Asia International Hospital,Sulaymaniyah,Finance,Full time,2026-05-10,Not disclosed,https://jobs.krd/explore-jobs/Accountant-3061,0,-7,1,5,9,0
Videographer,Digital Vision,Erbil,Marketing,Full time,2026-05-10,Not disclosed,https://jobs.krd/explore-jobs/Videographer-3060,0,-7,1,1,15,0
Hatchery Manager,Vano Group,Erbil,Facilities Management,Full time,2026-05-10,Not disclosed,https://jobs.krd/explore-jobs/Hatchery-Manager-–-Grandparent-Hatchery-3059,0,-7,1,1,8,0
Recreation Supervisor,DDK Collection Hotel,Duhok,Operations/Production,Full time,2026-05-06,Not disclosed,https://jobs.krd/explore-jobs/Recreation-Supervisor-3055,0,-11,1,0,17,0
Outlet Manager – DDK Lounge & Terrace,DDK Collection Hotel,Duhok,Facilities Management,Full time,2026-05-06,Not disclosed,https://jobs.krd/explore-jobs/Outlet-Manager-–-DDK-Lounge-&-Terrace-3054,0,-11,1,0,8,0
Library and Coffeehouse Outlet Supervisor,DDK Collection Hotel,Duhok,Operations/Production,Full time,2026-05-06,Not disclosed,https://jobs.krd/explore-jobs/Library-and-Coffeehouse-Outlet-Supervisor-3053,0,-11,1,0,17,0
Burger Outlet Supervisor,DDK Collection Hotel,Duhok,Operations/Production,Full time,2026-05-06,Not disclosed,https://jobs.krd/explore-jobs/Burger-Outlet-Supervisor-3052,0,-11,1,0,17,0
Senior Web Developer (Laravel),Optimal,Erbil,Information Technology (IT),Full time,2026-05-10,"{'id': 1, 'name': 'IQD'} 0.00–0.00 / Monthly",https://jobs.krd/explore-jobs/senior-Web-Developer-(Laravel)-3051,1,-7,1,1,13,0
English & Arabic Instructor,Dream Academy,Erbil,Education,Full time,2026-05-05,Not disclosed,https://jobs.krd/explore-jobs/English-&-Arabic-Instructor-3050,0,-12,1,1,5,0
Receptionist,Nivin Group,Duhok,Operations/Production,Full time,2026-05-05,Not disclosed,https://jobs.krd/explore-jobs/Receptionist-3049,0,-12,1,0,17,0
Lighting Assistant,Nivin Group,Duhok,Marketing,Full time,2026-05-05,Not disclosed,https://jobs.krd/explore-jobs/Lighting-Assistant-3048,0,-12,1,0,15,0
Cameraman ( Photographer),Nivin Group,Duhok,Marketing,Full time,2026-05-05,Not disclosed,https://jobs.krd/explore-jobs/Cameraman-(-Photographer)-3047,0,-12,1,0,15,0
Visual Content Creator,NS Marketing Company,Duhok,Marketing,Full time,2026-05-05,Not disclosed,https://jobs.krd/explore-jobs/Visual-Content-Creator-3045,0,-12,1,0,15,0
Videographer,B Cars,Duhok,Marketing,Contract,2026-05-05,Not disclosed,https://jobs.krd/explore-jobs/Videographer-3044,0,-12,0,0,15,0
Office Chef,MY LIMITED,Erbil,Operations/Production,Full time,2026-05-05,Not disclosed,https://jobs.krd/explore-jobs/Office-Chef-3043,0,-12,1,1,17,0
Service Advisor,Harlem Group For Commercial Agencies,Duhok,Unknown,Full time,2026-05-05,Not disclosed,https://jobs.krd/explore-jobs/Service-Advisor-3046,0,-12,1,0,28,0
Graphic Designer,Bestun Company,Sulaymaniyah,Marketing,Full time,2026-05-04,Not disclosed,https://jobs.krd/explore-jobs/Graphic-Designer-3042,0,-13,1,5,15,0
Direct Marketing Officer,Bestun Company,Sulaymaniyah,Marketing,Full time,2026-05-04,Not disclosed,https://jobs.krd/explore-jobs/Direct-Marketing-Officer-3041,0,-13,1,5,15,0
Office Based Engineer,Smart Lift Company,Erbil,Engineering,Full time,2026-05-03,Not disclosed,https://jobs.krd/explore-jobs/Office-Based-Engineer-3038,0,-14,1,1,6,0
Sales Representative,Shoof Company,Erbil,Marketing,Full time,2026-05-03,Not disclosed,https://jobs.krd/explore-jobs/Sales-Representative-3039,0,-14,1,1,15,0
Office Employee (Female),Rento Car Rental,Erbil,Administration/Operations,Full time,2026-05-03,Not disclosed,https://jobs.krd/explore-jobs/Office-Employee-(Female)-3040,0,-14,1,1,0,0
Video Editor,Habika Company,Sulaymaniyah,Marketing,Full time,2026-05-03,Not disclosed,https://jobs.krd/explore-jobs/Video-Editor-3037,0,-14,1,5,15,0
Graphic Designer,Habika Company,Sulaymaniyah,Marketing,Full time,2026-05-03,Not disclosed,https://jobs.krd/explore-jobs/Graphic-Designer-3036,0,-14,1,5,15,0
Sales Engineer,Sunpulse,Erbil,Unknown,Full time,2026-05-03,Not disclosed,https://jobs.krd/explore-jobs/Sales-Engineer-3035,0,-14,1,1,28,0
Marketing Supervisor,Shoof Company,Erbil,Marketing,Full time,2026-04-30,Not disclosed,https://jobs.krd/explore-jobs/Marketing-Supervisor-3034,0,-17,1,1,15,0
Sales Representative – Phone Shop,ND Phone,Duhok,Sales,Full time,2026-04-29,Not disclosed,https://jobs.krd/explore-jobs/Sales-Representative-–-Phone-Shop-3033,0,-18,1,0,21,0
Operations Assistant -Data Entry,Arizanti Company,Erbil,Unknown,Full time,2026-05-10,Not disclosed,https://jobs.krd/explore-jobs/Operations-Assistant--Data-Entry-3023,0,-7,1,1,28,0
Trade Marketing Officer,Shahan Al-Alamiya,Sulaymaniyah,Marketing,Full time,2026-04-29,Not disclosed,https://jobs.krd/explore-jobs/Trade-Marketing-Officer-3032,0,-18,1,5,15,0
Pilates Instructor / Trainer,Sole Studios,Erbil,Facilities Management,Full time,2026-05-06,Not disclosed,https://jobs.krd/explore-jobs/Pilates-Instructor-/-Trainer-3029,0,-11,1,1,8,0
Cycling / Yoga / Dance Trainer,Sole Studios,Erbil,Facilities Management,Full time,2026-05-06,Not disclosed,https://jobs.krd/explore-jobs/Cycling-/-Yoga-/-Dance-Trainer-3028,0,-11,1,1,8,0
Marketing Coordinator,Sole Studios,Erbil,Marketing,Full time,2026-05-06,Not disclosed,https://jobs.krd/explore-jobs/Marketing-Coordinator-3027,0,-11,1,1,15,0
Studio Manager,Sole Studios,Erbil,Project Management,Full time,2026-05-06,Not disclosed,https://jobs.krd/explore-jobs/Studio-Manager-3026,0,-11,1,1,18,0
Barista,Sole Studios,Erbil,Operations/Production,Full time,2026-05-06,Not disclosed,https://jobs.krd/explore-jobs/Barista-3025,0,-11,1,1,17,0
Receptionist,Sole Studios,Erbil,Customer Service/Support,Full time,2026-05-06,Not disclosed,https://jobs.krd/explore-jobs/Receptionist-3024,0,-11,1,1,3,0
French Teacher,JOBS.KRD Client 13,Erbil,Education,Full time,2026-04-29,Not disclosed,https://jobs.krd/explore-jobs/Teaching-3030,0,-18,1,1,5,0
Accountant (Female),Packink,Erbil,Finance,Full time,2026-04-27,Not disclosed,https://jobs.krd/explore-jobs/Accountant-3022,0,-20,1,1,9,0
Production Supervisor,Packink,Erbil,Operations/Production,Full time,2026-04-27,Not disclosed,https://jobs.krd/explore-jobs/Production-Supervisor-3021,0,-20,1,1,17,0
Radiology Technician,Medya Diagnostic Center,Erbil,Medicine,Full time,2026-05-06,Not disclosed,https://jobs.krd/explore-jobs/Radiology-Technician-3018,0,-11,1,1,16,0
Head of Legal,Harko Legal,Erbil,Legal,Full time,2026-04-23,Not disclosed,https://jobs.krd/explore-jobs/Head-of-legal-3017,0,-24,1,1,14,0
CDP- Staff Canteen,DDK Collection Hotel,Duhok,Operations/Production,Full time,2026-05-06,Not disclosed,https://jobs.krd/explore-jobs/CDP--Staff-Canteen-3016,0,-11,1,0,17,0
Commis Chef - International Cuisine,DDK Collection Hotel,Duhok,Operations/Production,Full time,2026-05-06,Not disclosed,https://jobs.krd/explore-jobs/Commis-Chef---International-Cuisine-3015,0,-11,1,0,17,0
DCDP Chef - International Cuisine,DDK Collection Hotel,Duhok,Operations/Production,Full time,2026-05-06,Not disclosed,https://jobs.krd/explore-jobs/DCDP-Chef---International-Cuisine-3013,0,-11,1,0,17,0
International Procurement Specialist,Shahan Company,Duhok,Operations/Production,Full time,2026-04-23,Not disclosed,https://jobs.krd/explore-jobs/International-Procurement-Specialist-3012,0,-24,1,0,17,0
Assistant Maintenance Technician,Erbil Pioneer For Oilfield Equipment Supply Ltd.,Erbil,Unknown,Full time,2026-04-23,Not disclosed,https://jobs.krd/explore-jobs/Assistant-Maintenance-Technician-3014,0,-24,1,1,28,0
Academic Director,Abi Academy,Duhok,Education,Full time,2026-04-22,Not disclosed,https://jobs.krd/explore-jobs/Academic-Director-3010,0,-25,1,0,5,0
Senior Marketing Manager,Kurdistan Foundation,Erbil,Marketing,Full time,2026-04-20,Not disclosed,https://jobs.krd/explore-jobs/Senior-Marketing-Manager-3009,0,-27,1,1,15,0
HR Recruiter,Shoof Company,Erbil,Human Resources,Full time,2026-04-20,Not disclosed,https://jobs.krd/explore-jobs/HR-Recruiter-3005,0,-27,1,1,12,0
Sales Engineer,Sunpulse,Erbil,Sales,Full time,2026-05-30,Not disclosed,https://jobs.krd/explore-jobs/Sales-Engineer-3008,0,13,1,1,21,1
Purchaser,ALSALT Hospitality,Erbil,Operations/Production,Full time,2026-04-20,Not disclosed,https://jobs.krd/explore-jobs/Purchaser-3007,0,-27,1,1,17,0
Digital Marketing,Blnd Ads,Erbil,Marketing,Full time,2026-04-20,Not disclosed,https://jobs.krd/explore-jobs/blnd-ads-3006,0,-27,1,1,15,0
Graphic Designer,Poleks - Keep,Erbil,Marketing,Full time,2026-04-24,"{'id': 1, 'name': 'IQD'} 1200000.00–1400000.00 / Monthly",https://jobs.krd/explore-jobs/Graphic-Designer-3004,1,-23,1,1,15,0
Primary Grade Teacher,JOBS.KRD Client 13,Erbil,Education,Full time,2026-04-19,"{'id': 1, 'name': 'IQD'} 400000.00–1500000.00 / Monthly",https://jobs.krd/explore-jobs/Teaching-2999,1,-28,1,1,5,0
Showroom Salesperson,Arizanti Company,Erbil,Sales,Full time,2026-04-19,Not disclosed,https://jobs.krd/explore-jobs/Showroom-Salesperson-3002,0,-28,1,1,21,0
Customer Service Associate,Youth Hub,Erbil,Customer Service/Support,Full time,2026-04-19,Not disclosed,https://jobs.krd/explore-jobs/Customer-Service-Associate-3003,0,-28,1,1,3,0
Sales Representative,VATREN,Erbil,Sales,Full time,2026-04-19,Not disclosed,https://jobs.krd/explore-jobs/Sales-Representative-3001,0,-28,1,1,21,0
Interior Designer,VATREN,Erbil,Engineering Interior Design,Full time,2026-04-19,Not disclosed,https://jobs.krd/explore-jobs/Interior-Designer-3000,0,-28,1,1,7,0
Sales Representative (Furniture Showroom),Fya Home,Erbil,Sales,Full time,2026-04-19,Not disclosed,https://jobs.krd/explore-jobs/Sales-Representative-(Furniture-Showroom)-2998,0,-28,1,1,21,0
Senior Sales Representative,Arizanti Company,Erbil,Sales,Full time,2026-04-19,Not disclosed,https://jobs.krd/explore-jobs/Senior-Sales-Representative-2997,0,-28,1,1,21,0
Senior Accountant,Bahar Holding,Erbil,Finance,Full time,2026-04-19,Not disclosed,https://jobs.krd/explore-jobs/Senior-Accountant-2996,0,-28,1,1,9,0
Print Production & Sourcing Specialist,Shahan Company,Duhok,Operations/Production,Full time,2026-04-16,Not disclosed,https://jobs.krd/explore-jobs/Print-Production-&-Sourcing-Specialist-2995,0,-31,1,0,17,0
Graphic Designer,Shahan Company,Duhok,Marketing,Full time,2026-04-16,Not disclosed,https://jobs.krd/explore-jobs/Graphic-Designer-2994,0,-31,1,0,15,0
Sales Representative (Dentistry Background),Crown Dent,Erbil,Sales,Full time,2026-04-15,Not disclosed,https://jobs.krd/explore-jobs/Sales-Representative-2993,0,-32,1,1,21,0
Accounts Officer,NRCO General Trading,Erbil,Finance,Full time,2026-04-14,Not disclosed,https://jobs.krd/explore-jobs/Accounts-Officer-2992,0,-33,1,1,9,0
Interior Designer,JOBS.KRD Client 34,Duhok,Engineering,Full time,2026-04-14,Not disclosed,https://jobs.krd/explore-jobs/Interior-Designer-2991,0,-33,1,0,6,0
Electrical Engineer,LAD Company,Sulaymaniyah,Engineering,Full time,2026-04-14,Not disclosed,https://jobs.krd/explore-jobs/Electrical-Engineer-2990,0,-33,1,5,6,0
Interior Designer,Ekhlas Company,Erbil,Unknown,Full time,2026-04-12,Not disclosed,https://jobs.krd/explore-jobs/Interior-Designer-2988,0,-35,1,1,28,0
Mobile Application Developer,Easy Technology,Duhok,Information Technology (IT),Full time,2026-04-12,Not disclosed,https://jobs.krd/explore-jobs/Mobile-Application-Developer-2989,0,-35,1,0,13,0
Call Center Agent,Easy Technology,Duhok,Customer Service/Support,Full time,2026-04-12,Not disclosed,https://jobs.krd/explore-jobs/Call-Center-Agent-2987,0,-35,1,0,3,0
Graphic Designer,BGT Company,Erbil,Unknown,Full time,2026-05-02,Not disclosed,https://jobs.krd/explore-jobs/graphic-designer-2986,0,-15,1,1,28,0
Writer,Tara Stationary,Duhok,Education,Full time,2026-04-09,Not disclosed,https://jobs.krd/explore-jobs/Writer-2985,0,-38,1,0,5,0
Community Manager,Damazrandn,Erbil,Customer Service/Support,Full time,2026-04-09,2000000.00–2300000.00 / Monthly,https://jobs.krd/explore-jobs/Community-Manager-2984,1,-38,1,1,3,0
Content Creator (Video & Photography),Digital Content Creators,Erbil,Marketing,Full time,2026-04-09,Not disclosed,https://jobs.krd/explore-jobs/Videographer-/-Photographer-/-Editor-2983,0,-38,1,1,15,0
Social Media Face Model (Female),Family Mall Erbil,Erbil,Marketing,Part time,2026-04-09,Not disclosed,https://jobs.krd/explore-jobs/Social-Media-Face-Model-2982,0,-38,2,1,15,0
Electrical Technician,JOBS.KRD Client 33,Sulaymaniyah,Operations/Production,Full time,2026-04-08,Not disclosed,https://jobs.krd/explore-jobs/Electrical-Technician-2981,0,-39,1,5,17,0
Team Building Trainer (Consultancy),Sparda Organization,Sulaymaniyah,Training and Development,Contract,2026-04-08,Not disclosed,https://jobs.krd/explore-jobs/Team-Building-Trainer-(Consultancy)-2980,0,-39,0,5,26,0
Sales Specialist,Advira Advertising Agency,Erbil,Sales,Full time,2026-04-08,Not disclosed,https://jobs.krd/explore-jobs/Sales-Specialist-2977,0,-39,1,1,21,0
Graphic Designer,Advira Advertising Agency,Erbil,Marketing,Full time,2026-04-08,Not disclosed,https://jobs.krd/explore-jobs/Graphic-Designer-2978,0,-39,1,1,15,0
Content Creator & Social Media Manager,Abi Academy,Duhok,Marketing,Full time,2026-04-08,Not disclosed,https://jobs.krd/explore-jobs/Social-Media-Admin-2979,0,-39,1,0,15,0
Brand Face,NS Marketing Company,Duhok,Marketing,Full time,2026-04-07,Not disclosed,https://jobs.krd/explore-jobs/Face-Model-2974,0,-40,1,0,15,0
Accountant,MY LIMITED,Erbil,Finance,Part time,2026-04-12,Not disclosed,https://jobs.krd/explore-jobs/Accountant-2966,0,-35,2,1,9,0
Graphic Designer,NS Marketing Company,Duhok,Marketing,Full time,2026-04-07,Not disclosed,https://jobs.krd/explore-jobs/Graphic-Designer-2973,0,-40,1,0,15,0
Social Media & Content Coordinator,MY LIMITED,Erbil,Marketing,Full time,2026-04-12,Not disclosed,https://jobs.krd/explore-jobs/Social-Media-&-Content-Coordinator-2976,0,-35,1,1,15,0
Marketing Coordinator,10 Problem 10 Solutions,Erbil,Marketing,Full time,2026-04-05,Not disclosed,https://jobs.krd/explore-jobs/Marketing-Coordinator-2975,0,-42,1,1,15,0
Accountant,Ashish Pack,Duhok,Finance,Full time,2026-04-06,Not disclosed,https://jobs.krd/explore-jobs/Accountant-2963,0,-41,1,0,9,0
Sales Account Executive,Getty Tech,Erbil,Sales,Full time,2026-04-06,Not disclosed,https://jobs.krd/explore-jobs/Sales-Account-Executive-2972,0,-41,1,1,21,0
Receptionist,Narin Beauty Center,Duhok,Customer Service/Support,Full time,2026-04-11,Not disclosed,https://jobs.krd/explore-jobs/Receptionist-2971,0,-36,1,0,3,0
Freelance Videographer,BiKurdini,Duhok,Marketing,Part time,2026-04-08,Not disclosed,https://jobs.krd/explore-jobs/Freelance-Videographer-2957,0,-39,2,0,15,0
Sales & Account Manager,Wade Company,Sulaymaniyah,Sales,Full time,2026-04-05,Not disclosed,https://jobs.krd/explore-jobs/Sales-&-Account-Manager-2967,0,-42,1,5,21,0
Senior Marketing Manager,Wade Company,Erbil,Marketing,Full time,2026-04-05,Not disclosed,https://jobs.krd/explore-jobs/Senior-Marketing-Manager-2968,0,-42,1,1,15,0
Chef Assistant,Fama Cafe,Duhok,Operations/Production,Full time,2026-04-05,Not disclosed,https://jobs.krd/explore-jobs/Chef-Assistant-2970,0,-42,1,0,17,0
Sales Coordinator,Al Usool General Trading Co. Ltd. (AUGT),Erbil,Sales,Full time,2026-04-06,Not disclosed,https://jobs.krd/explore-jobs/Sales-Coordinator-2964,0,-41,1,1,21,0
Architecture Engineer,Zhinova,Erbil,Engineering,Full time,2026-04-05,Not disclosed,https://jobs.krd/explore-jobs/Architecture-Engineer-2965,0,-42,1,1,6,0
HR officer,BGT Company,Erbil,Human Resources,Full time,2026-04-09,Not disclosed,https://jobs.krd/explore-jobs/HR-officer-2962,0,-38,1,1,12,0
Flutter Developer,Wade Company,Erbil,Information Technology (IT),Full time,2026-04-05,Not disclosed,https://jobs.krd/explore-jobs/Flutter-Developer-2960,0,-42,1,1,13,0
Managing Director,JOBS.KRD Careers,Erbil,Human Resources,Full time,2026-04-02,Not disclosed,https://jobs.krd/explore-jobs/Managing-Director-2961,0,-45,1,1,12,0
Costumer Service,ND Phone,Duhok,Unknown,Part time,2026-04-01,Not disclosed,https://jobs.krd/explore-jobs/Costumer-Service-2959,0,-46,2,0,28,0
Smartphone Software Technician,ND Phone,Duhok,Information Technology (IT),Full time,2026-04-02,Not disclosed,https://jobs.krd/explore-jobs/Programmer-2958,0,-45,1,0,13,0
Call Center Agent,Shahan Al-Alamiya,Sulaymaniyah,Customer Service/Support,Full time,2026-04-14,Not disclosed,https://jobs.krd/explore-jobs/Call-Center-Agent-2956,0,-33,1,5,3,0
Partnership Manager,Visit Kurdistan,Erbil,Strategic Partnerships,Full time,2026-03-31,Not disclosed,https://jobs.krd/explore-jobs/Partnership-Manager-2954,0,-47,1,1,24,0
Operations Manager – Digital Platform,Visit Kurdistan,Erbil,Operations/Production,Full time,2026-03-31,Not disclosed,https://jobs.krd/explore-jobs/Operations-Manager-–-Digital-Platform-2953,0,-47,1,1,17,0
Operations Manager – Physical Assets,Visit Kurdistan,Erbil,Operations/Production,Full time,2026-03-31,Not disclosed,https://jobs.krd/explore-jobs/Operations-Manager-–-Physical-Assets-2952,0,-47,1,1,17,0
Operations Coordinator,Visit Kurdistan,Erbil,Operations/Production,Full time,2026-03-31,Not disclosed,https://jobs.krd/explore-jobs/Operations-Coordinator-2951,0,-47,1,1,17,0
Business Development Manager,Visit Kurdistan,Erbil,Business Development,Full time,2026-03-31,Not disclosed,https://jobs.krd/explore-jobs/Business-Development-Manager-2950,0,-47,1,1,1,0
Sales Representative,Patchi,Erbil,Sales,Full time,2026-04-27,Not disclosed,https://jobs.krd/explore-jobs/Sales-representative-2949,0,-20,1,1,21,0
Graphic Designer &Video Editor,Deyari Group,Duhok,Marketing,Full time,2026-03-31,Not disclosed,https://jobs.krd/explore-jobs/Graphic-Designer-and-Video-editor-2955,0,-47,1,0,15,0
Sales Coordinator,Al Usool General Trading Co. Ltd. (AUGT),Erbil,Sales,Full time,2026-03-31,Not disclosed,https://jobs.krd/explore-jobs/Sales-Coordinator.-2947,0,-47,1,1,21,0
Brand Face,ZB Gifts,Duhok,Marketing,Part time,2026-03-31,Not disclosed,https://jobs.krd/explore-jobs/Brand-Face-2946,0,-47,2,0,15,0
Travel Clerk,UFLY Travel,Duhok,Travel And Tourism,Full time,2026-03-31,Not disclosed,https://jobs.krd/explore-jobs/Travel-Clerk-2945,0,-47,1,0,27,0
Marketing Specialist,Origami,Erbil,Marketing,Part time,2026-03-31,Not disclosed,https://jobs.krd/explore-jobs/Marketing-Specialist-2944,0,-47,2,1,15,0
ERP Functional Consultant,Origami,Erbil,Unknown,Full time,2026-03-31,Not disclosed,https://jobs.krd/explore-jobs/ERP-Functional-Consultant-2943,0,-47,1,1,28,0
Logistics Distribution Manager,JOBS.KRD Client 32,Erbil,Operations/Production,Full time,2026-03-30,Not disclosed,https://jobs.krd/explore-jobs/Logistics-Distribution-Manager-2942,0,-48,1,1,17,0
Digital Media Manager,JOBS.KRD Client 32,Erbil,Marketing,Full time,2026-03-30,Not disclosed,https://jobs.krd/explore-jobs/Digital-Media-Manager-2941,0,-48,1,1,15,0
Graphic Designer,JOBS.KRD Client 32,Erbil,Marketing,Full time,2026-03-30,Not disclosed,https://jobs.krd/explore-jobs/Graphic-Designer-2940,0,-48,1,1,15,0
Marketing Manager,JOBS.KRD Client 32,Erbil,Marketing,Full time,2026-03-30,Not disclosed,https://jobs.krd/explore-jobs/Marketing-Manager-2939,0,-48,1,1,15,0
Graphic Designer & Video Editor,Delta Communication,Erbil,Unknown,Full time,2026-03-31,"{'id': 1, 'name': 'IQD'} 0.00–0.00 / Monthly",https://jobs.krd/explore-jobs/Graphic-Designer-&-Video-Editor-2938,1,-47,1,1,28,0
Architecture Engineer,Leaders Guide,Sulaymaniyah,Engineering,Full time,2026-03-24,Not disclosed,https://jobs.krd/explore-jobs/Architecture-Engineer-2937,0,-54,1,5,6,0
Freelance Marketing Officer,Hope Center,Erbil,Marketing,Part time,2026-03-24,Not disclosed,https://jobs.krd/explore-jobs/Freelance-Marketing-Officer-2934,0,-54,2,1,15,0
HR Officer,BGT Company,Erbil,Human Resources,Full time,2026-03-24,Not disclosed,https://jobs.krd/explore-jobs/HR-Officer-2935,0,-54,1,1,12,0
Lawyer,Najmadin Group,Sulaymaniyah,Legal,Full time,2026-03-24,Not disclosed,https://jobs.krd/explore-jobs/Lawyer-2936,0,-54,1,5,14,0
Managing Director,JOBS.KRD Careers,Erbil,Human Resources,Full time,2026-03-24,Not disclosed,https://jobs.krd/explore-jobs/Managing-Director-2933,0,-54,1,1,12,0
Purchasing Officer,Mal H Group,Erbil,Operations/Production,Full time,2026-03-24,Not disclosed,https://jobs.krd/explore-jobs/Purchasing-Officer-2932,0,-54,1,1,17,0
Accountant,Mal H Group,Erbil,Finance,Full time,2026-03-24,Not disclosed,https://jobs.krd/explore-jobs/Accountant-2931,0,-54,1,1,9,0
Cost Controller,Mal H Group,Erbil,Finance,Full time,2026-03-24,Not disclosed,https://jobs.krd/explore-jobs/Cost-Controller-2930,0,-54,1,1,9,0
HR Officer,Mal H Group,Erbil,Human Resources,Full time,2026-03-24,Not disclosed,https://jobs.krd/explore-jobs/HR-Officer-2929,0,-54,1,1,12,0
Accountant,Muhanad Group (Erbil HQ),Erbil,Finance,Full time,2026-03-24,Not disclosed,https://jobs.krd/explore-jobs/Accountant-2928,0,-54,1,1,9,0
Marketing Manager,HBH Group,Erbil,Marketing,Full time,2026-03-24,Not disclosed,https://jobs.krd/explore-jobs/Marketing-Manager-2927,0,-54,1,1,15,0
Cosmetics Sales Employee,SAVY PHARMACY,Duhok,Sales,Part time,2026-03-24,Not disclosed,https://jobs.krd/explore-jobs/Cosmetic-employe-2926,0,-54,2,0,21,0
IT Specialist (Control Room),Arena Erbil,Erbil,Information Technology (IT),Full time,2026-03-21,Not disclosed,https://jobs.krd/explore-jobs/IT-Specialist-2924,0,-57,1,1,13,0
Accountant,London Sky for Travel and Tourism,Erbil,Finance,Full time,2026-03-19,950000.00–1000000.00 / Monthly,https://jobs.krd/explore-jobs/Accountant-2923,1,-59,1,1,9,0
Procurement Supervisor,FABYAB CO.,Erbil,Unknown,Full time,2026-03-18,Not disclosed,https://jobs.krd/explore-jobs/Procurement-Supervisor-2922,0,-60,1,1,28,0
Communications Officer (Arabic Language),KRD Holding,Erbil,Public Relations (PR),Full time,2026-03-18,Not disclosed,https://jobs.krd/explore-jobs/Arabic-Communications-Officer-2918,0,-60,1,1,19,0
Partnerships Officer,KRD Holding,Erbil,Strategic Partnerships,Full time,2026-03-18,Not disclosed,https://jobs.krd/explore-jobs/Partnerships-Officer-2919,0,-60,1,1,24,0
Communications Officer,JOBS.KRD Careers,Erbil,Communications,Full time,2026-03-18,Not disclosed,https://jobs.krd/explore-jobs/Communications-Officer-2920,0,-60,1,1,2,0
Social Media Specialist,Shahan Al-Alamiya,Sulaymaniyah,Marketing,Full time,2026-03-18,Not disclosed,https://jobs.krd/explore-jobs/Social-Media-Specialist-2921,0,-60,1,5,15,0
Senior Accountant,JOBS.KRD Client 31,Sulaymaniyah,Finance,Full time,2026-03-18,Not disclosed,https://jobs.krd/explore-jobs/Senior-Accountant-2917,0,-60,1,5,9,0
Business Solution Sales Supervisor,JOBS.KRD Client 6,Erbil,Sales,Full time,2026-03-18,Not disclosed,https://jobs.krd/explore-jobs/Business-Solution-Sales-Supervisor-2916,0,-60,1,1,21,0
B2B Sales Supervisor,JOBS.KRD Client 6,Erbil,Sales,Full time,2026-03-18,Not disclosed,https://jobs.krd/explore-jobs/B2B-Sales-Supervisor-2915,0,-60,1,1,21,0
Procurement Officer,Medya Diagnostic Center,Erbil,Operations/Production,Full time,2026-03-10,Not disclosed,https://jobs.krd/explore-jobs/Procurement-Officer-2914,0,-68,1,1,17,0
Handcraft Specialist,Maad Center,Sulaymaniyah,Education,Full time,2026-03-17,Not disclosed,https://jobs.krd/explore-jobs/Handcraft-Specialist-2913,0,-61,1,5,5,0
Security Guard,INTENSE SECURITY,Erbil,Administration/Operations,Part time,2026-03-17,500000.00–600000.00 / Monthly,https://jobs.krd/explore-jobs/پاسەوانی-تایبەت-بۆ-پرۆژەکانی-وەك-مۆڵ-و-شار-و-شاری-یاری-2912,1,-61,2,1,0,0
Sales Representative,Al-Ehsan,Erbil,Sales,Full time,2026-03-17,Not disclosed,https://jobs.krd/explore-jobs/نوێنەری-فرۆشتن-(-کاشڤان-)-2906,0,-61,1,1,21,0
Data Analyst,Bahar Holding,Duhok,Data Analytics,Full time,2026-03-16,Not disclosed,https://jobs.krd/explore-jobs/Data-Analyst-2910,0,-62,1,0,4,0
Veterinarian – Sales & Technical Officer,Vano Group,Erbil,Sales,Full time,2026-03-16,Not disclosed,https://jobs.krd/explore-jobs/veterinarian-–-Sales-&-Technical-Officer-2907,0,-62,1,1,21,0
Data Analyst,Bahar Holding,Erbil,Data Analytics,Full time,2026-03-16,Not disclosed,https://jobs.krd/explore-jobs/Data-Analyst-2908,0,-62,1,1,4,0
Data Analyst,Bahar Holding,Sulaymaniyah,Data Analytics,Full time,2026-03-16,Not disclosed,https://jobs.krd/explore-jobs/Data-Analyst-2909,0,-62,1,5,4,0
Digital Print Specialist,Maad Center,Erbil,Operations/Production,Full time,2026-03-16,Not disclosed,https://jobs.krd/explore-jobs/Digital-Print-Specialist-2905,0,-62,1,1,17,0
Recruitment & Talent Acquisition Manager,KRD Holding,Erbil,Human Resources,Full time,2026-03-16,Not disclosed,https://jobs.krd/explore-jobs/Recruitment-&-Talent-Acquisition-Manager-2904,0,-62,1,1,12,0
Planning Officer,FABYAB CO.,Erbil,Strategic Planning,Full time,2026-03-16,Not disclosed,https://jobs.krd/explore-jobs/Planning-Officer-2903,0,-62,1,1,25,0
L&D & Employee Development Manager,KRD Holding,Erbil,Human Resources,Full time,2026-03-15,Not disclosed,https://jobs.krd/explore-jobs/L&D-&-Employee-Development-Manager-2902,0,-63,1,1,12,0
Receptionist (Female),Arena Erbil,Erbil,Customer Service/Support,Full time,2026-05-14,"{'id': 1, 'name': 'IQD'} 0.00–0.00 / Monthly",https://jobs.krd/explore-jobs/Receptionist-2901,1,-3,1,1,3,0
Quality Inspector,FABYAB CO.,Erbil,Quality Assurance/Quality Control (QA/QC),Full time,2026-03-15,Not disclosed,https://jobs.krd/explore-jobs/Quality-Inspector-2900,0,-63,1,1,20,0
Follow-Up & Monitoring Employee,Ramos Company,Nineveh,Operations/Production,Full time,2026-03-15,Not disclosed,https://jobs.krd/explore-jobs/Follow-Up-&-Monitoring-Employee-2894,0,-63,1,3,17,0
Follow up & Monitoring Employee,Ramos Company,Kirkuk,Sales,Full time,2026-03-15,Not disclosed,https://jobs.krd/explore-jobs/Follow-up-&-Monitoring-Employee-2893,0,-63,1,2,21,0
HR Assistant,FABYAB CO.,Erbil,Human Resources,Full time,2026-03-15,Not disclosed,https://jobs.krd/explore-jobs/HR-Assistant-2899,0,-63,1,1,12,0
Quality Controller,FABYAB CO.,Erbil,Quality Assurance/Quality Control (QA/QC),Full time,2026-03-15,Not disclosed,https://jobs.krd/explore-jobs/Quality-Controller-2898,0,-63,1,1,20,0
Warehouse Worker,FABYAB CO.,Erbil,Facilities Management,Full time,2026-03-15,Not disclosed,https://jobs.krd/explore-jobs/Warehouse-Worker-2897,0,-63,1,1,8,0
Warehouse Assistant,FABYAB CO.,Erbil,Facilities Management,Full time,2026-03-15,Not disclosed,https://jobs.krd/explore-jobs/Warehouse-Assistant-2896,0,-63,1,1,8,0
Electrical Engineer,FABYAB CO.,Erbil,Engineering,Full time,2026-03-15,Not disclosed,https://jobs.krd/explore-jobs/Electrical-Engineer-2895,0,-63,1,1,6,0
Mechanical Technician,FABYAB CO.,Erbil,Marketing,Full time,2026-03-15,Not disclosed,https://jobs.krd/explore-jobs/Mechanical-Technician-2892,0,-63,1,1,15,0
Showroom Sales Agent,Maad Center,Erbil,Sales,Full time,2026-03-15,Not disclosed,https://jobs.krd/explore-jobs/showroom-sales-agent-2891,0,-63,1,1,21,0
Graphic Designer,BGT Company,Erbil,Unknown,Full time,2026-03-15,Not disclosed,https://jobs.krd/explore-jobs/Graphic-designer-2890,0,-63,1,1,28,0
Sales Representative (Cosmetics),Awe Company,Erbil,Sales,Full time,2026-03-12,700000.00–1000000.00 / Monthly,https://jobs.krd/explore-jobs/Sales-Representative-(Cosmetics)-2888,1,-66,1,1,21,0
Sales Executive,NRCO General Trading,Erbil,Sales,Full time,2026-03-12,Not disclosed,https://jobs.krd/explore-jobs/Sales-Executive-2887,0,-66,1,1,21,0
HR Business Partner,Kurdistan Foundation,Erbil,Human Resources,Full time,2026-03-12,Not disclosed,https://jobs.krd/explore-jobs/Kurdistan-Foundation-Officer-2886,0,-66,1,1,12,0
HR Business Partner,KRD Holding,Erbil,Human Resources,Full time,2026-03-12,Not disclosed,https://jobs.krd/explore-jobs/HR-Business-Partner-2883,0,-66,1,1,12,0
HR Recruiter,KRD Holding,Erbil,Human Resources,Full time,2026-03-12,Not disclosed,https://jobs.krd/explore-jobs/HR-Recruiter-2885,0,-66,1,1,12,0
Procurement Assistant,Virton Company,Erbil,Operations/Production,Full time,2026-03-11,Not disclosed,https://jobs.krd/explore-jobs/Procurement-Assistant-2882,0,-67,1,1,17,0
Consumer Brand Manager (Ahmad Tea),Bahar Holding,Sulaymaniyah,Marketing,Full time,2026-03-12,Not disclosed,https://jobs.krd/explore-jobs/Consumer-Brand-Manager-(Ahmad-Tea)-2880,0,-66,1,5,15,0
Social Media Content Creator,Family Mall Erbil,Erbil,Marketing,Full time,2026-03-10,Not disclosed,https://jobs.krd/explore-jobs/Social-Media-Content-Creator-2879,0,-68,1,1,15,0
Brand Face (Female),SafeClicks,Erbil,Marketing,Full time,2026-03-10,Not disclosed,https://jobs.krd/explore-jobs/Brand-Face-(Female)-2876,0,-68,1,1,15,0
Graphic Designer,Kano Printing Company,Duhok,Marketing,Full time,2026-03-10,Not disclosed,https://jobs.krd/explore-jobs/Graphic-Designer-2878,0,-68,1,0,15,0
Payments Processing Officer,VCG Markets,Erbil,Finance,Full time,2026-03-10,Not disclosed,https://jobs.krd/explore-jobs/Payments-Processing-Officer-2877,0,-68,1,1,9,0
Human Recourses Manager,ALSALT Hospitality,Erbil,Unknown,Full time,2026-03-09,Not disclosed,https://jobs.krd/explore-jobs/Human-Recourses-Manager-2874,0,-69,1,1,28,0
Salesperson (Female),MY LIMITED,Erbil,Sales,Part time,2026-03-31,Not disclosed,https://jobs.krd/explore-jobs/Salesperson-(Female)-2873,0,-47,2,1,21,0
Sales Representative (Male),Ramos Company,Duhok,Sales,Full time,2026-03-08,Not disclosed,https://jobs.krd/explore-jobs/Sales-Representative-(Male)-2871,0,-70,1,0,21,0
