title,company,location,category,job_type,deadline,salary,url
Female Security Officer,JOBS.KRD Client 5,Erbil,Security Services/Facility Security,Full time,2026-05-24,Not disclosed,https://jobs.krd/explore-jobs/Female-Security-Officer-3126
Payroll & Time Management Assistant,Bahar Holding,Sulaymaniyah,Administration/Operations,Full time,2026-05-24,Not disclosed,https://jobs.krd/explore-jobs/Payroll-&-Time-Management-Assistant-3125
Marketing Supervisor - Electronics,Bahar Holding,Sulaymaniyah,Marketing,Full time,2026-05-24,Not disclosed,https://jobs.krd/explore-jobs/Marketing-Supervisor---Electronics-3124
Executive Assistant,Bahar Holding,Sulaymaniyah,Administration/Operations,Full time,2026-05-24,Not disclosed,https://jobs.krd/explore-jobs/Executive-Assistant-3123
Instrumentation & Control Engineer,Bahar Holding,Sulaymaniyah,Engineering,Full time,2026-05-24,Not disclosed,https://jobs.krd/explore-jobs/Instrumentation-&-Control-Engineer-3122
Bellboy,Shahan Company,Duhok,Front Office / Guest Services,Full time,2026-05-24,Not disclosed,https://jobs.krd/explore-jobs/Bellboy-3121
Waiter,Shahan Company,Duhok,Food and Beverage Service (F&B),Full time,2026-05-24,Not disclosed,https://jobs.krd/explore-jobs/Waiter-3120
Housekeeping Attendant,Shahan Company,Duhok,Facilities Management,Full time,2026-05-24,Not disclosed,https://jobs.krd/explore-jobs/Housekeeping-Attendant-3119
Promoter,Deyari Group,Kirkuk,Marketing,Full time,2026-05-24,Not disclosed,https://jobs.krd/explore-jobs/Promoter-3118
Technical Support Specialist,Getty Tech,Erbil,Information Technology (IT),Full time,2026-05-21,Not disclosed,https://jobs.krd/explore-jobs/Technical-Support-Specialist-3116
Marketing Coordinator,JOBS.KRD Careers,Erbil,Marketing,Full time,2026-05-21,Not disclosed,https://jobs.krd/explore-jobs/Marketing-Coordinator-3115
Quality Assurance Technician,JOBS.KRD Careers,Erbil,Quality Assurance/Quality Control (QA/QC),Full time,2026-05-21,"{'id': 1, 'name': 'IQD'} 600000.00–900000.00 / Monthly",https://jobs.krd/explore-jobs/Quality-Assurance-Technician-3114
Marketplace Category Manager,Galina Express,Erbil,Marketing,Full time,2026-05-21,Not disclosed,https://jobs.krd/explore-jobs/Marketplace-Category-Manager-3113
Administrative Assistant,JOBS.KRD Client 5,Erbil,Administration/Operations,Full time,2026-05-21,Not disclosed,https://jobs.krd/explore-jobs/Admin-Assistant-3112
Sales -Skylla,Arizanti Company,Erbil,Sales,Full time,2026-05-21,"{'id': 1, 'name': 'IQD'} 950000.00–1000000.00 / Monthly",https://jobs.krd/explore-jobs/Sales--Skylla-3111
Social Media Manager,Sterling Lex,Erbil,Marketing,Full time,2026-05-20,Not disclosed,https://jobs.krd/explore-jobs/Social-Media-Manager-3110
ICT Teacher,JOBS.KRD Client 13,Erbil,Education,Full time,2026-05-20,Not disclosed,https://jobs.krd/explore-jobs/ICT-Teacher-3109
Visa Consultant,Life Travel Agency,Erbil,Customer Service/Support,Full time,2026-05-19,Not disclosed,https://jobs.krd/explore-jobs/Visa-Consultant-3107
Agricultural Engineer,NRCO General Trading,Zakho,Engineering,Full time,2026-05-19,Not disclosed,https://jobs.krd/explore-jobs/Agricultural-Engineer-3108
Hostess at Buffalo Wings & Rings,ALSALT Hospitality,Erbil,Customer Service/Support,Full time,2026-05-20,Not disclosed,https://jobs.krd/explore-jobs/Hostess-at-Buffalo-Wings-&-Rings-3106
CV Collection For Sales Sector,JOBS.KRD Careers,Duhok,Sales,Full time,2026-05-19,Not disclosed,https://jobs.krd/explore-jobs/CV-Collection-For-Sales-Sector-3104
CV Collection For Sales Sector,JOBS.KRD Careers,Sulaymaniyah,Sales,Full time,2026-05-19,Not disclosed,https://jobs.krd/explore-jobs/CV-Collection-For-Sales-Sector-3105
Sales Executive,Erbil International Hotel,Erbil,Sales,Full time,2026-05-19,Not disclosed,https://jobs.krd/explore-jobs/Sales-Executive-3102
CV Collection for Sales Sector,JOBS.KRD Careers,Erbil,Sales,Full time,2026-05-19,Not disclosed,https://jobs.krd/explore-jobs/CV-Collection-for-Sales-Department-3103
Sales Consultant (Female),Selma furniture,Erbil,Sales,Part time,2026-05-21,Not disclosed,https://jobs.krd/explore-jobs/sales-consultant-3100
Outlet Decoration & Visual Merchandising Specialist,Shahan Company,Duhok,Operations/Production,Full time,2026-05-21,Not disclosed,https://jobs.krd/explore-jobs/Outlet-Decoration-&-Visual-Merchandising-Specialist-3098
Flexo & Label Designer,FABYAB CO.,Erbil,Marketing,Full time,2026-05-19,Not disclosed,https://jobs.krd/explore-jobs/Flexo-&-Label-Designer-3101
Warehouse Coordinator,ALSALT Hospitality,Erbil,Facilities Management,Full time,2026-05-18,Not disclosed,https://jobs.krd/explore-jobs/Warehouse-Coordinator-3097
Quality Control Inspector,ALSALT Hospitality,Erbil,Quality Assurance/Quality Control (QA/QC),Full time,2026-05-18,Not disclosed,https://jobs.krd/explore-jobs/Quality-Control-Inspector-3096
Real Estate Agent,Haji Saffin Real Estate,Erbil,Sales,Full time,2026-05-18,Not disclosed,https://jobs.krd/explore-jobs/Real-Estate-Agent-3095
Business Development Specialist,USOFTS,Erbil,Business Development,Full time,2026-05-25,Not disclosed,https://jobs.krd/explore-jobs/Business-Development-Specialist-3094
Sales Development Assistant Specialist/Specialist – Paint and Thermal Insulation,Kalekim,Erbil,Sales,Full time,2026-05-18,Not disclosed,https://jobs.krd/explore-jobs/Sales-Development-Assistant-Specialist/Specialist-–-Paint-and-Thermal-Insulation-3092
Sales Person (Female),Marjan Xoman,Duhok,Sales,Full time,2026-05-17,"{'id': 1, 'name': 'IQD'} 750000.00–800000.00 / Monthly",https://jobs.krd/explore-jobs/Sales-Person-3089
Sales Person,JOBS.KRD Careers,Erbil,Sales,Full time,2026-05-17,Not disclosed,https://jobs.krd/explore-jobs/Sales-Person-3090
Quality Control Officer,JOBS.KRD Careers,Erbil,Quality Assurance/Quality Control (QA/QC),Full time,2026-05-17,Not disclosed,https://jobs.krd/explore-jobs/Quality-Control-Officer-3091
Female Gym Coach,JOBS.KRD Client 5,Erbil,Sport and Fittness,Full time,2026-05-17,Not disclosed,https://jobs.krd/explore-jobs/Female-Gym-Coach-3087
Personal Assistant,Al Fuladh,Erbil,Administration/Operations,Full time,2026-05-17,Not disclosed,https://jobs.krd/explore-jobs/Personal-Assistant-3088
Mechanical Engineer,Al Fuladh,Erbil,Engineering,Full time,2026-05-17,Not disclosed,https://jobs.krd/explore-jobs/Mechanical-Engineer-3086
Assistant Chef,Coccolina Bakehaus & Tea,Erbil,Operations/Production,Full time,2026-05-17,Not disclosed,https://jobs.krd/explore-jobs/Assistant-Chef-3085
Video Editor,Havi Printing,Duhok,Marketing,Full time,2026-05-17,Not disclosed,https://jobs.krd/explore-jobs/Video-Editor-3079
Salesperson,Arizanti Company,Erbil,Sales,Full time,2026-05-17,Not disclosed,https://jobs.krd/explore-jobs/Salesperson-3084
Operation Assistant,Arizanti Company,Erbil,Operations/Production,Full time,2026-05-17,Not disclosed,https://jobs.krd/explore-jobs/Operation-Assistant-3083
Program Manager,JOBS.KRD,Erbil,Project Management,Full time,2026-05-18,Not disclosed,https://jobs.krd/explore-jobs/Program-Manager-3082
Laboratory Staff,Packink,Erbil,Facilities Management,Full time,2026-05-19,Not disclosed,https://jobs.krd/explore-jobs/Laboratory-Staff-3081
Purchasing Officer,Packink,Erbil,Operations/Production,Full time,2026-05-19,Not disclosed,https://jobs.krd/explore-jobs/Purchasing-Officer-3080
Frontend Developer,Weshadow LLC,Erbil,Information Technology (IT),Full time,2026-05-19,Not disclosed,https://jobs.krd/explore-jobs/Frontend-Developer-3077
Senior Graphic Designer,Weshadow LLC,Erbil,Marketing,Full time,2026-05-19,Not disclosed,https://jobs.krd/explore-jobs/Senior-Graphic-Designer-3076
HR Officer,Weshadow LLC,Erbil,Human Resources,Full time,2026-05-19,Not disclosed,https://jobs.krd/explore-jobs/HR-Officer-3075
Marketing Specialist,Weshadow LLC,Erbil,Marketing,Full time,2026-05-19,Not disclosed,https://jobs.krd/explore-jobs/Marketing-Specialist-3074
Senior Video Editor,Weshadow LLC,Erbil,Marketing,Full time,2026-05-19,Not disclosed,https://jobs.krd/explore-jobs/Senior-Video-Editor-3073
Teachers for Upcoming Academic Year,Fam Group,Ranya (Sulaymaniyah Province),Education,Full time,2026-05-25,Not disclosed,https://jobs.krd/explore-jobs/Teachers-for-Upcoming-Academic-Year-3070
Volunteer Services Coordinator,VolunteerKRD,Erbil,Operations/Production,Full time,2026-05-19,Not disclosed,https://jobs.krd/explore-jobs/Volunteer-Services-Coordinator-3068
Teacher,Classical School of the Medes,Duhok,Education,Full time,2026-08-15,Not disclosed,https://jobs.krd/explore-jobs/Teacher-3058
Teacher,Classical School of the Medes,Sulaymaniyah,Education,Full time,2026-08-15,Not disclosed,https://jobs.krd/explore-jobs/Teacher-3057
Teacher,Classical School of the Medes,Erbil,Education,Full time,2026-08-15,Not disclosed,https://jobs.krd/explore-jobs/Teacher-3056
Kitchen Team Leader,ALSALT Hospitality,Erbil,Operations/Production,Full time,2026-05-22,"{'id': 1, 'name': 'IQD'} 0.00–0.00 / Monthly",https://jobs.krd/explore-jobs/Kitchen-Team-Leader-3011
Marketing Specialist,Weshadow LLC,Erbil,Unknown,Full time,2026-06-23,Not disclosed,https://jobs.krd/explore-jobs/Marketing-Specialist-2889
Marketing Manager,Galina Express,Erbil,Marketing,Full time,2026-05-29,Not disclosed,https://jobs.krd/explore-jobs/Marketing-Manager-2831
Tech Lead,Galina Express,Erbil,Information Technology (IT),Full time,2026-06-13,Not disclosed,https://jobs.krd/explore-jobs/Tech-Lead-2709
Web Developer,Shahan Company,Duhok,Information Technology (IT),Full time,2026-05-30,Not disclosed,https://jobs.krd/explore-jobs/Web-Development-3099
Cashier (Female),DDK Collection Hotel,Duhok,Finance,Full time,2026-05-15,Not disclosed,https://jobs.krd/explore-jobs/Cashier-(Female)-3071
Videography & Editor,Best Code,Duhok,Marketing,Full time,2026-05-12,Not disclosed,https://jobs.krd/explore-jobs/Videography-&-Editor-3066
Senior Graphic Designer,Shahan Al-Alamiya,Sulaymaniyah,Unknown,Full time,2026-05-12,"{'id': 1, 'name': 'IQD'} 0.00–0.00 / Monthly",https://jobs.krd/explore-jobs/Senior-Graphic-Designer-3065
Cashier (Female),Al-Jazeera Dairy,Erbil,Sales,Part time,2026-05-11,Not disclosed,https://jobs.krd/explore-jobs/Cashier-3064
Carwash Supervisor,JOBS.KRD Client 5,Erbil,Unknown,Full time,2026-05-10,Not disclosed,https://jobs.krd/explore-jobs/carwash-supervisor-3063
Accountant,Asia International Hospital,Sulaymaniyah,Finance,Full time,2026-05-10,Not disclosed,https://jobs.krd/explore-jobs/Accountant-3061
Videographer,Digital Vision,Erbil,Marketing,Full time,2026-05-10,Not disclosed,https://jobs.krd/explore-jobs/Videographer-3060
Hatchery Manager,Vano Group,Erbil,Facilities Management,Full time,2026-05-10,Not disclosed,https://jobs.krd/explore-jobs/Hatchery-Manager-–-Grandparent-Hatchery-3059
Recreation Supervisor,DDK Collection Hotel,Duhok,Operations/Production,Full time,2026-05-06,Not disclosed,https://jobs.krd/explore-jobs/Recreation-Supervisor-3055
Outlet Manager – DDK Lounge & Terrace,DDK Collection Hotel,Duhok,Facilities Management,Full time,2026-05-06,Not disclosed,https://jobs.krd/explore-jobs/Outlet-Manager-–-DDK-Lounge-&-Terrace-3054
Library and Coffeehouse Outlet Supervisor,DDK Collection Hotel,Duhok,Operations/Production,Full time,2026-05-06,Not disclosed,https://jobs.krd/explore-jobs/Library-and-Coffeehouse-Outlet-Supervisor-3053
Burger Outlet Supervisor,DDK Collection Hotel,Duhok,Operations/Production,Full time,2026-05-06,Not disclosed,https://jobs.krd/explore-jobs/Burger-Outlet-Supervisor-3052
Senior Web Developer (Laravel),Optimal,Erbil,Information Technology (IT),Full time,2026-05-10,"{'id': 1, 'name': 'IQD'} 0.00–0.00 / Monthly",https://jobs.krd/explore-jobs/senior-Web-Developer-(Laravel)-3051
English & Arabic Instructor,Dream Academy,Erbil,Education,Full time,2026-05-05,Not disclosed,https://jobs.krd/explore-jobs/English-&-Arabic-Instructor-3050
Receptionist,Nivin Group,Duhok,Operations/Production,Full time,2026-05-05,Not disclosed,https://jobs.krd/explore-jobs/Receptionist-3049
Lighting Assistant,Nivin Group,Duhok,Marketing,Full time,2026-05-05,Not disclosed,https://jobs.krd/explore-jobs/Lighting-Assistant-3048
Cameraman ( Photographer),Nivin Group,Duhok,Marketing,Full time,2026-05-05,Not disclosed,https://jobs.krd/explore-jobs/Cameraman-(-Photographer)-3047
Visual Content Creator,NS Marketing Company,Duhok,Marketing,Full time,2026-05-05,Not disclosed,https://jobs.krd/explore-jobs/Visual-Content-Creator-3045
Videographer,B Cars,Duhok,Marketing,Contract,2026-05-05,Not disclosed,https://jobs.krd/explore-jobs/Videographer-3044
Office Chef,MY LIMITED,Erbil,Operations/Production,Full time,2026-05-05,Not disclosed,https://jobs.krd/explore-jobs/Office-Chef-3043
Service Advisor,Harlem Group For Commercial Agencies,Duhok,Unknown,Full time,2026-05-05,Not disclosed,https://jobs.krd/explore-jobs/Service-Advisor-3046
Graphic Designer,Bestun Company,Sulaymaniyah,Marketing,Full time,2026-05-04,Not disclosed,https://jobs.krd/explore-jobs/Graphic-Designer-3042
Direct Marketing Officer,Bestun Company,Sulaymaniyah,Marketing,Full time,2026-05-04,Not disclosed,https://jobs.krd/explore-jobs/Direct-Marketing-Officer-3041
Office Based Engineer,Smart Lift Company,Erbil,Engineering,Full time,2026-05-03,Not disclosed,https://jobs.krd/explore-jobs/Office-Based-Engineer-3038
Sales Representative,Shoof Company,Erbil,Marketing,Full time,2026-05-03,Not disclosed,https://jobs.krd/explore-jobs/Sales-Representative-3039
Office Employee (Female),Rento Car Rental,Erbil,Administration/Operations,Full time,2026-05-03,Not disclosed,https://jobs.krd/explore-jobs/Office-Employee-(Female)-3040
Video Editor,Habika Company,Sulaymaniyah,Marketing,Full time,2026-05-03,Not disclosed,https://jobs.krd/explore-jobs/Video-Editor-3037
Graphic Designer,Habika Company,Sulaymaniyah,Marketing,Full time,2026-05-03,Not disclosed,https://jobs.krd/explore-jobs/Graphic-Designer-3036
Sales Engineer,Sunpulse,Erbil,Unknown,Full time,2026-05-03,Not disclosed,https://jobs.krd/explore-jobs/Sales-Engineer-3035
Marketing Supervisor,Shoof Company,Erbil,Marketing,Full time,2026-04-30,Not disclosed,https://jobs.krd/explore-jobs/Marketing-Supervisor-3034
Sales Representative – Phone Shop,ND Phone,Duhok,Sales,Full time,2026-04-29,Not disclosed,https://jobs.krd/explore-jobs/Sales-Representative-–-Phone-Shop-3033
Operations Assistant -Data Entry,Arizanti Company,Erbil,Unknown,Full time,2026-05-10,Not disclosed,https://jobs.krd/explore-jobs/Operations-Assistant--Data-Entry-3023
Trade Marketing Officer,Shahan Al-Alamiya,Sulaymaniyah,Marketing,Full time,2026-04-29,Not disclosed,https://jobs.krd/explore-jobs/Trade-Marketing-Officer-3032
Pilates Instructor / Trainer,Sole Studios,Erbil,Facilities Management,Full time,2026-05-06,Not disclosed,https://jobs.krd/explore-jobs/Pilates-Instructor-/-Trainer-3029
Cycling / Yoga / Dance Trainer,Sole Studios,Erbil,Facilities Management,Full time,2026-05-06,Not disclosed,https://jobs.krd/explore-jobs/Cycling-/-Yoga-/-Dance-Trainer-3028
Marketing Coordinator,Sole Studios,Erbil,Marketing,Full time,2026-05-06,Not disclosed,https://jobs.krd/explore-jobs/Marketing-Coordinator-3027
Studio Manager,Sole Studios,Erbil,Project Management,Full time,2026-05-06,Not disclosed,https://jobs.krd/explore-jobs/Studio-Manager-3026
Barista,Sole Studios,Erbil,Operations/Production,Full time,2026-05-06,Not disclosed,https://jobs.krd/explore-jobs/Barista-3025
Receptionist,Sole Studios,Erbil,Customer Service/Support,Full time,2026-05-06,Not disclosed,https://jobs.krd/explore-jobs/Receptionist-3024
French Teacher,JOBS.KRD Client 13,Erbil,Education,Full time,2026-04-29,Not disclosed,https://jobs.krd/explore-jobs/Teaching-3030
Accountant (Female),Packink,Erbil,Finance,Full time,2026-04-27,Not disclosed,https://jobs.krd/explore-jobs/Accountant-3022
Production Supervisor,Packink,Erbil,Operations/Production,Full time,2026-04-27,Not disclosed,https://jobs.krd/explore-jobs/Production-Supervisor-3021
Radiology Technician,Medya Diagnostic Center,Erbil,Medicine,Full time,2026-05-06,Not disclosed,https://jobs.krd/explore-jobs/Radiology-Technician-3018
Head of Legal,Harko Legal,Erbil,Legal,Full time,2026-04-23,Not disclosed,https://jobs.krd/explore-jobs/Head-of-legal-3017
CDP- Staff Canteen,DDK Collection Hotel,Duhok,Operations/Production,Full time,2026-05-06,Not disclosed,https://jobs.krd/explore-jobs/CDP--Staff-Canteen-3016
Commis Chef - International Cuisine,DDK Collection Hotel,Duhok,Operations/Production,Full time,2026-05-06,Not disclosed,https://jobs.krd/explore-jobs/Commis-Chef---International-Cuisine-3015
DCDP Chef - International Cuisine,DDK Collection Hotel,Duhok,Operations/Production,Full time,2026-05-06,Not disclosed,https://jobs.krd/explore-jobs/DCDP-Chef---International-Cuisine-3013
International Procurement Specialist,Shahan Company,Duhok,Operations/Production,Full time,2026-04-23,Not disclosed,https://jobs.krd/explore-jobs/International-Procurement-Specialist-3012
Assistant Maintenance Technician,Erbil Pioneer For Oilfield Equipment Supply Ltd.,Erbil,Unknown,Full time,2026-04-23,Not disclosed,https://jobs.krd/explore-jobs/Assistant-Maintenance-Technician-3014
Academic Director,Abi Academy,Duhok,Education,Full time,2026-04-22,Not disclosed,https://jobs.krd/explore-jobs/Academic-Director-3010
Senior Marketing Manager,Kurdistan Foundation,Erbil,Marketing,Full time,2026-04-20,Not disclosed,https://jobs.krd/explore-jobs/Senior-Marketing-Manager-3009
HR Recruiter,Shoof Company,Erbil,Human Resources,Full time,2026-04-20,Not disclosed,https://jobs.krd/explore-jobs/HR-Recruiter-3005
Sales Engineer,Sunpulse,Erbil,Sales,Full time,2026-05-30,Not disclosed,https://jobs.krd/explore-jobs/Sales-Engineer-3008
Purchaser,ALSALT Hospitality,Erbil,Operations/Production,Full time,2026-04-20,Not disclosed,https://jobs.krd/explore-jobs/Purchaser-3007
Digital Marketing,Blnd Ads,Erbil,Marketing,Full time,2026-04-20,Not disclosed,https://jobs.krd/explore-jobs/blnd-ads-3006
Graphic Designer,Poleks - Keep,Erbil,Marketing,Full time,2026-04-24,"{'id': 1, 'name': 'IQD'} 1200000.00–1400000.00 / Monthly",https://jobs.krd/explore-jobs/Graphic-Designer-3004
Primary Grade Teacher,JOBS.KRD Client 13,Erbil,Education,Full time,2026-04-19,"{'id': 1, 'name': 'IQD'} 400000.00–1500000.00 / Monthly",https://jobs.krd/explore-jobs/Teaching-2999
Showroom Salesperson,Arizanti Company,Erbil,Sales,Full time,2026-04-19,Not disclosed,https://jobs.krd/explore-jobs/Showroom-Salesperson-3002
Customer Service Associate,Youth Hub,Erbil,Customer Service/Support,Full time,2026-04-19,Not disclosed,https://jobs.krd/explore-jobs/Customer-Service-Associate-3003
Sales Representative,VATREN,Erbil,Sales,Full time,2026-04-19,Not disclosed,https://jobs.krd/explore-jobs/Sales-Representative-3001
Interior Designer,VATREN,Erbil,Engineering Interior Design,Full time,2026-04-19,Not disclosed,https://jobs.krd/explore-jobs/Interior-Designer-3000
Sales Representative (Furniture Showroom),Fya Home,Erbil,Sales,Full time,2026-04-19,Not disclosed,https://jobs.krd/explore-jobs/Sales-Representative-(Furniture-Showroom)-2998
Senior Sales Representative,Arizanti Company,Erbil,Sales,Full time,2026-04-19,Not disclosed,https://jobs.krd/explore-jobs/Senior-Sales-Representative-2997
Senior Accountant,Bahar Holding,Erbil,Finance,Full time,2026-04-19,Not disclosed,https://jobs.krd/explore-jobs/Senior-Accountant-2996
Print Production & Sourcing Specialist,Shahan Company,Duhok,Operations/Production,Full time,2026-04-16,Not disclosed,https://jobs.krd/explore-jobs/Print-Production-&-Sourcing-Specialist-2995
Graphic Designer,Shahan Company,Duhok,Marketing,Full time,2026-04-16,Not disclosed,https://jobs.krd/explore-jobs/Graphic-Designer-2994
Sales Representative (Dentistry Background),Crown Dent,Erbil,Sales,Full time,2026-04-15,Not disclosed,https://jobs.krd/explore-jobs/Sales-Representative-2993
Accounts Officer,NRCO General Trading,Erbil,Finance,Full time,2026-04-14,Not disclosed,https://jobs.krd/explore-jobs/Accounts-Officer-2992
Interior Designer,JOBS.KRD Client 34,Duhok,Engineering,Full time,2026-04-14,Not disclosed,https://jobs.krd/explore-jobs/Interior-Designer-2991
Electrical Engineer,LAD Company,Sulaymaniyah,Engineering,Full time,2026-04-14,Not disclosed,https://jobs.krd/explore-jobs/Electrical-Engineer-2990
Interior Designer,Ekhlas Company,Erbil,Unknown,Full time,2026-04-12,Not disclosed,https://jobs.krd/explore-jobs/Interior-Designer-2988
Mobile Application Developer,Easy Technology,Duhok,Information Technology (IT),Full time,2026-04-12,Not disclosed,https://jobs.krd/explore-jobs/Mobile-Application-Developer-2989
Call Center Agent,Easy Technology,Duhok,Customer Service/Support,Full time,2026-04-12,Not disclosed,https://jobs.krd/explore-jobs/Call-Center-Agent-2987
Graphic Designer,BGT Company,Erbil,Unknown,Full time,2026-05-02,Not disclosed,https://jobs.krd/explore-jobs/graphic-designer-2986
Writer,Tara Stationary,Duhok,Education,Full time,2026-04-09,Not disclosed,https://jobs.krd/explore-jobs/Writer-2985
Community Manager,Damazrandn,Erbil,Customer Service/Support,Full time,2026-04-09,2000000.00–2300000.00 / Monthly,https://jobs.krd/explore-jobs/Community-Manager-2984
Content Creator (Video & Photography),Digital Content Creators,Erbil,Marketing,Full time,2026-04-09,Not disclosed,https://jobs.krd/explore-jobs/Videographer-/-Photographer-/-Editor-2983
Social Media Face Model (Female),Family Mall Erbil,Erbil,Marketing,Part time,2026-04-09,Not disclosed,https://jobs.krd/explore-jobs/Social-Media-Face-Model-2982
Electrical Technician,JOBS.KRD Client 33,Sulaymaniyah,Operations/Production,Full time,2026-04-08,Not disclosed,https://jobs.krd/explore-jobs/Electrical-Technician-2981
Team Building Trainer (Consultancy),Sparda Organization,Sulaymaniyah,Training and Development,Contract,2026-04-08,Not disclosed,https://jobs.krd/explore-jobs/Team-Building-Trainer-(Consultancy)-2980
Sales Specialist,Advira Advertising Agency,Erbil,Sales,Full time,2026-04-08,Not disclosed,https://jobs.krd/explore-jobs/Sales-Specialist-2977
Graphic Designer,Advira Advertising Agency,Erbil,Marketing,Full time,2026-04-08,Not disclosed,https://jobs.krd/explore-jobs/Graphic-Designer-2978
Content Creator & Social Media Manager,Abi Academy,Duhok,Marketing,Full time,2026-04-08,Not disclosed,https://jobs.krd/explore-jobs/Social-Media-Admin-2979
Brand Face,NS Marketing Company,Duhok,Marketing,Full time,2026-04-07,Not disclosed,https://jobs.krd/explore-jobs/Face-Model-2974
Accountant,MY LIMITED,Erbil,Finance,Part time,2026-04-12,Not disclosed,https://jobs.krd/explore-jobs/Accountant-2966
Graphic Designer,NS Marketing Company,Duhok,Marketing,Full time,2026-04-07,Not disclosed,https://jobs.krd/explore-jobs/Graphic-Designer-2973
Social Media & Content Coordinator,MY LIMITED,Erbil,Marketing,Full time,2026-04-12,Not disclosed,https://jobs.krd/explore-jobs/Social-Media-&-Content-Coordinator-2976
Marketing Coordinator,10 Problem 10 Solutions,Erbil,Marketing,Full time,2026-04-05,Not disclosed,https://jobs.krd/explore-jobs/Marketing-Coordinator-2975
Accountant,Ashish Pack,Duhok,Finance,Full time,2026-04-06,Not disclosed,https://jobs.krd/explore-jobs/Accountant-2963
Sales Account Executive,Getty Tech,Erbil,Sales,Full time,2026-04-06,Not disclosed,https://jobs.krd/explore-jobs/Sales-Account-Executive-2972
Receptionist,Narin Beauty Center,Duhok,Customer Service/Support,Full time,2026-04-11,Not disclosed,https://jobs.krd/explore-jobs/Receptionist-2971
Freelance Videographer,BiKurdini,Duhok,Marketing,Part time,2026-04-08,Not disclosed,https://jobs.krd/explore-jobs/Freelance-Videographer-2957
Sales & Account Manager,Wade Company,Sulaymaniyah,Sales,Full time,2026-04-05,Not disclosed,https://jobs.krd/explore-jobs/Sales-&-Account-Manager-2967
Senior Marketing Manager,Wade Company,Erbil,Marketing,Full time,2026-04-05,Not disclosed,https://jobs.krd/explore-jobs/Senior-Marketing-Manager-2968
Chef Assistant,Fama Cafe,Duhok,Operations/Production,Full time,2026-04-05,Not disclosed,https://jobs.krd/explore-jobs/Chef-Assistant-2970
Sales Coordinator,Al Usool General Trading Co. Ltd. (AUGT),Erbil,Sales,Full time,2026-04-06,Not disclosed,https://jobs.krd/explore-jobs/Sales-Coordinator-2964
Architecture Engineer,Zhinova,Erbil,Engineering,Full time,2026-04-05,Not disclosed,https://jobs.krd/explore-jobs/Architecture-Engineer-2965
HR officer,BGT Company,Erbil,Human Resources,Full time,2026-04-09,Not disclosed,https://jobs.krd/explore-jobs/HR-officer-2962
Flutter Developer,Wade Company,Erbil,Information Technology (IT),Full time,2026-04-05,Not disclosed,https://jobs.krd/explore-jobs/Flutter-Developer-2960
Managing Director,JOBS.KRD Careers,Erbil,Human Resources,Full time,2026-04-02,Not disclosed,https://jobs.krd/explore-jobs/Managing-Director-2961
Costumer Service,ND Phone,Duhok,Unknown,Part time,2026-04-01,Not disclosed,https://jobs.krd/explore-jobs/Costumer-Service-2959
Smartphone Software Technician,ND Phone,Duhok,Information Technology (IT),Full time,2026-04-02,Not disclosed,https://jobs.krd/explore-jobs/Programmer-2958
Call Center Agent,Shahan Al-Alamiya,Sulaymaniyah,Customer Service/Support,Full time,2026-04-14,Not disclosed,https://jobs.krd/explore-jobs/Call-Center-Agent-2956
Partnership Manager,Visit Kurdistan,Erbil,Strategic Partnerships,Full time,2026-03-31,Not disclosed,https://jobs.krd/explore-jobs/Partnership-Manager-2954
Operations Manager – Digital Platform,Visit Kurdistan,Erbil,Operations/Production,Full time,2026-03-31,Not disclosed,https://jobs.krd/explore-jobs/Operations-Manager-–-Digital-Platform-2953
Operations Manager – Physical Assets,Visit Kurdistan,Erbil,Operations/Production,Full time,2026-03-31,Not disclosed,https://jobs.krd/explore-jobs/Operations-Manager-–-Physical-Assets-2952
Operations Coordinator,Visit Kurdistan,Erbil,Operations/Production,Full time,2026-03-31,Not disclosed,https://jobs.krd/explore-jobs/Operations-Coordinator-2951
Business Development Manager,Visit Kurdistan,Erbil,Business Development,Full time,2026-03-31,Not disclosed,https://jobs.krd/explore-jobs/Business-Development-Manager-2950
Sales Representative,Patchi,Erbil,Sales,Full time,2026-04-27,Not disclosed,https://jobs.krd/explore-jobs/Sales-representative-2949
Graphic Designer &Video Editor,Deyari Group,Duhok,Marketing,Full time,2026-03-31,Not disclosed,https://jobs.krd/explore-jobs/Graphic-Designer-and-Video-editor-2955
Sales Coordinator,Al Usool General Trading Co. Ltd. (AUGT),Erbil,Sales,Full time,2026-03-31,Not disclosed,https://jobs.krd/explore-jobs/Sales-Coordinator.-2947
Brand Face,ZB Gifts,Duhok,Marketing,Part time,2026-03-31,Not disclosed,https://jobs.krd/explore-jobs/Brand-Face-2946
Travel Clerk,UFLY Travel,Duhok,Travel And Tourism,Full time,2026-03-31,Not disclosed,https://jobs.krd/explore-jobs/Travel-Clerk-2945
Marketing Specialist,Origami,Erbil,Marketing,Part time,2026-03-31,Not disclosed,https://jobs.krd/explore-jobs/Marketing-Specialist-2944
ERP Functional Consultant,Origami,Erbil,Unknown,Full time,2026-03-31,Not disclosed,https://jobs.krd/explore-jobs/ERP-Functional-Consultant-2943
Logistics Distribution Manager,JOBS.KRD Client 32,Erbil,Operations/Production,Full time,2026-03-30,Not disclosed,https://jobs.krd/explore-jobs/Logistics-Distribution-Manager-2942
Digital Media Manager,JOBS.KRD Client 32,Erbil,Marketing,Full time,2026-03-30,Not disclosed,https://jobs.krd/explore-jobs/Digital-Media-Manager-2941
Graphic Designer,JOBS.KRD Client 32,Erbil,Marketing,Full time,2026-03-30,Not disclosed,https://jobs.krd/explore-jobs/Graphic-Designer-2940
Marketing Manager,JOBS.KRD Client 32,Erbil,Marketing,Full time,2026-03-30,Not disclosed,https://jobs.krd/explore-jobs/Marketing-Manager-2939
Graphic Designer & Video Editor,Delta Communication,Erbil,Unknown,Full time,2026-03-31,"{'id': 1, 'name': 'IQD'} 0.00–0.00 / Monthly",https://jobs.krd/explore-jobs/Graphic-Designer-&-Video-Editor-2938
Architecture Engineer,Leaders Guide,Sulaymaniyah,Engineering,Full time,2026-03-24,Not disclosed,https://jobs.krd/explore-jobs/Architecture-Engineer-2937
Freelance Marketing Officer,Hope Center,Erbil,Marketing,Part time,2026-03-24,Not disclosed,https://jobs.krd/explore-jobs/Freelance-Marketing-Officer-2934
HR Officer,BGT Company,Erbil,Human Resources,Full time,2026-03-24,Not disclosed,https://jobs.krd/explore-jobs/HR-Officer-2935
Lawyer,Najmadin Group,Sulaymaniyah,Legal,Full time,2026-03-24,Not disclosed,https://jobs.krd/explore-jobs/Lawyer-2936
Managing Director,JOBS.KRD Careers,Erbil,Human Resources,Full time,2026-03-24,Not disclosed,https://jobs.krd/explore-jobs/Managing-Director-2933
Purchasing Officer,Mal H Group,Erbil,Operations/Production,Full time,2026-03-24,Not disclosed,https://jobs.krd/explore-jobs/Purchasing-Officer-2932
Accountant,Mal H Group,Erbil,Finance,Full time,2026-03-24,Not disclosed,https://jobs.krd/explore-jobs/Accountant-2931
Cost Controller,Mal H Group,Erbil,Finance,Full time,2026-03-24,Not disclosed,https://jobs.krd/explore-jobs/Cost-Controller-2930
HR Officer,Mal H Group,Erbil,Human Resources,Full time,2026-03-24,Not disclosed,https://jobs.krd/explore-jobs/HR-Officer-2929
Accountant,Muhanad Group (Erbil HQ),Erbil,Finance,Full time,2026-03-24,Not disclosed,https://jobs.krd/explore-jobs/Accountant-2928
Marketing Manager,HBH Group,Erbil,Marketing,Full time,2026-03-24,Not disclosed,https://jobs.krd/explore-jobs/Marketing-Manager-2927
Cosmetics Sales Employee,SAVY PHARMACY,Duhok,Sales,Part time,2026-03-24,Not disclosed,https://jobs.krd/explore-jobs/Cosmetic-employe-2926
IT Specialist (Control Room),Arena Erbil,Erbil,Information Technology (IT),Full time,2026-03-21,Not disclosed,https://jobs.krd/explore-jobs/IT-Specialist-2924
Accountant,London Sky for Travel and Tourism,Erbil,Finance,Full time,2026-03-19,950000.00–1000000.00 / Monthly,https://jobs.krd/explore-jobs/Accountant-2923
Procurement Supervisor,FABYAB CO.,Erbil,Unknown,Full time,2026-03-18,Not disclosed,https://jobs.krd/explore-jobs/Procurement-Supervisor-2922
Communications Officer (Arabic Language),KRD Holding,Erbil,Public Relations (PR),Full time,2026-03-18,Not disclosed,https://jobs.krd/explore-jobs/Arabic-Communications-Officer-2918
Partnerships Officer,KRD Holding,Erbil,Strategic Partnerships,Full time,2026-03-18,Not disclosed,https://jobs.krd/explore-jobs/Partnerships-Officer-2919
Communications Officer,JOBS.KRD Careers,Erbil,Communications,Full time,2026-03-18,Not disclosed,https://jobs.krd/explore-jobs/Communications-Officer-2920
Social Media Specialist,Shahan Al-Alamiya,Sulaymaniyah,Marketing,Full time,2026-03-18,Not disclosed,https://jobs.krd/explore-jobs/Social-Media-Specialist-2921
Senior Accountant,JOBS.KRD Client 31,Sulaymaniyah,Finance,Full time,2026-03-18,Not disclosed,https://jobs.krd/explore-jobs/Senior-Accountant-2917
Business Solution Sales Supervisor,JOBS.KRD Client 6,Erbil,Sales,Full time,2026-03-18,Not disclosed,https://jobs.krd/explore-jobs/Business-Solution-Sales-Supervisor-2916
B2B Sales Supervisor,JOBS.KRD Client 6,Erbil,Sales,Full time,2026-03-18,Not disclosed,https://jobs.krd/explore-jobs/B2B-Sales-Supervisor-2915
Procurement Officer,Medya Diagnostic Center,Erbil,Operations/Production,Full time,2026-03-10,Not disclosed,https://jobs.krd/explore-jobs/Procurement-Officer-2914
Handcraft Specialist,Maad Center,Sulaymaniyah,Education,Full time,2026-03-17,Not disclosed,https://jobs.krd/explore-jobs/Handcraft-Specialist-2913
Security Guard,INTENSE SECURITY,Erbil,Administration/Operations,Part time,2026-03-17,500000.00–600000.00 / Monthly,https://jobs.krd/explore-jobs/پاسەوانی-تایبەت-بۆ-پرۆژەکانی-وەك-مۆڵ-و-شار-و-شاری-یاری-2912
Sales Representative,Al-Ehsan,Erbil,Sales,Full time,2026-03-17,Not disclosed,https://jobs.krd/explore-jobs/نوێنەری-فرۆشتن-(-کاشڤان-)-2906
Data Analyst,Bahar Holding,Duhok,Data Analytics,Full time,2026-03-16,Not disclosed,https://jobs.krd/explore-jobs/Data-Analyst-2910
Veterinarian – Sales & Technical Officer,Vano Group,Erbil,Sales,Full time,2026-03-16,Not disclosed,https://jobs.krd/explore-jobs/veterinarian-–-Sales-&-Technical-Officer-2907
Data Analyst,Bahar Holding,Erbil,Data Analytics,Full time,2026-03-16,Not disclosed,https://jobs.krd/explore-jobs/Data-Analyst-2908
Data Analyst,Bahar Holding,Sulaymaniyah,Data Analytics,Full time,2026-03-16,Not disclosed,https://jobs.krd/explore-jobs/Data-Analyst-2909
Digital Print Specialist,Maad Center,Erbil,Operations/Production,Full time,2026-03-16,Not disclosed,https://jobs.krd/explore-jobs/Digital-Print-Specialist-2905
Recruitment & Talent Acquisition Manager,KRD Holding,Erbil,Human Resources,Full time,2026-03-16,Not disclosed,https://jobs.krd/explore-jobs/Recruitment-&-Talent-Acquisition-Manager-2904
Planning Officer,FABYAB CO.,Erbil,Strategic Planning,Full time,2026-03-16,Not disclosed,https://jobs.krd/explore-jobs/Planning-Officer-2903
L&D & Employee Development Manager,KRD Holding,Erbil,Human Resources,Full time,2026-03-15,Not disclosed,https://jobs.krd/explore-jobs/L&D-&-Employee-Development-Manager-2902
Receptionist (Female),Arena Erbil,Erbil,Customer Service/Support,Full time,2026-05-14,"{'id': 1, 'name': 'IQD'} 0.00–0.00 / Monthly",https://jobs.krd/explore-jobs/Receptionist-2901
Quality Inspector,FABYAB CO.,Erbil,Quality Assurance/Quality Control (QA/QC),Full time,2026-03-15,Not disclosed,https://jobs.krd/explore-jobs/Quality-Inspector-2900
Follow-Up & Monitoring Employee,Ramos Company,Nineveh,Operations/Production,Full time,2026-03-15,Not disclosed,https://jobs.krd/explore-jobs/Follow-Up-&-Monitoring-Employee-2894
Follow up & Monitoring Employee,Ramos Company,Kirkuk,Sales,Full time,2026-03-15,Not disclosed,https://jobs.krd/explore-jobs/Follow-up-&-Monitoring-Employee-2893
HR Assistant,FABYAB CO.,Erbil,Human Resources,Full time,2026-03-15,Not disclosed,https://jobs.krd/explore-jobs/HR-Assistant-2899
Quality Controller,FABYAB CO.,Erbil,Quality Assurance/Quality Control (QA/QC),Full time,2026-03-15,Not disclosed,https://jobs.krd/explore-jobs/Quality-Controller-2898
Warehouse Worker,FABYAB CO.,Erbil,Facilities Management,Full time,2026-03-15,Not disclosed,https://jobs.krd/explore-jobs/Warehouse-Worker-2897
Warehouse Assistant,FABYAB CO.,Erbil,Facilities Management,Full time,2026-03-15,Not disclosed,https://jobs.krd/explore-jobs/Warehouse-Assistant-2896
Electrical Engineer,FABYAB CO.,Erbil,Engineering,Full time,2026-03-15,Not disclosed,https://jobs.krd/explore-jobs/Electrical-Engineer-2895
Mechanical Technician,FABYAB CO.,Erbil,Marketing,Full time,2026-03-15,Not disclosed,https://jobs.krd/explore-jobs/Mechanical-Technician-2892
Showroom Sales Agent,Maad Center,Erbil,Sales,Full time,2026-03-15,Not disclosed,https://jobs.krd/explore-jobs/showroom-sales-agent-2891
Graphic Designer,BGT Company,Erbil,Unknown,Full time,2026-03-15,Not disclosed,https://jobs.krd/explore-jobs/Graphic-designer-2890
Sales Representative (Cosmetics),Awe Company,Erbil,Sales,Full time,2026-03-12,700000.00–1000000.00 / Monthly,https://jobs.krd/explore-jobs/Sales-Representative-(Cosmetics)-2888
Sales Executive,NRCO General Trading,Erbil,Sales,Full time,2026-03-12,Not disclosed,https://jobs.krd/explore-jobs/Sales-Executive-2887
HR Business Partner,Kurdistan Foundation,Erbil,Human Resources,Full time,2026-03-12,Not disclosed,https://jobs.krd/explore-jobs/Kurdistan-Foundation-Officer-2886
HR Business Partner,KRD Holding,Erbil,Human Resources,Full time,2026-03-12,Not disclosed,https://jobs.krd/explore-jobs/HR-Business-Partner-2883
HR Recruiter,KRD Holding,Erbil,Human Resources,Full time,2026-03-12,Not disclosed,https://jobs.krd/explore-jobs/HR-Recruiter-2885
Procurement Assistant,Virton Company,Erbil,Operations/Production,Full time,2026-03-11,Not disclosed,https://jobs.krd/explore-jobs/Procurement-Assistant-2882
Consumer Brand Manager (Ahmad Tea),Bahar Holding,Sulaymaniyah,Marketing,Full time,2026-03-12,Not disclosed,https://jobs.krd/explore-jobs/Consumer-Brand-Manager-(Ahmad-Tea)-2880
Social Media Content Creator,Family Mall Erbil,Erbil,Marketing,Full time,2026-03-10,Not disclosed,https://jobs.krd/explore-jobs/Social-Media-Content-Creator-2879
Brand Face (Female),SafeClicks,Erbil,Marketing,Full time,2026-03-10,Not disclosed,https://jobs.krd/explore-jobs/Brand-Face-(Female)-2876
Graphic Designer,Kano Printing Company,Duhok,Marketing,Full time,2026-03-10,Not disclosed,https://jobs.krd/explore-jobs/Graphic-Designer-2878
Payments Processing Officer,VCG Markets,Erbil,Finance,Full time,2026-03-10,Not disclosed,https://jobs.krd/explore-jobs/Payments-Processing-Officer-2877
Human Recourses Manager,ALSALT Hospitality,Erbil,Unknown,Full time,2026-03-09,Not disclosed,https://jobs.krd/explore-jobs/Human-Recourses-Manager-2874
Salesperson (Female),MY LIMITED,Erbil,Sales,Part time,2026-03-31,Not disclosed,https://jobs.krd/explore-jobs/Salesperson-(Female)-2873
Sales Representative (Male),Ramos Company,Duhok,Sales,Full time,2026-03-08,Not disclosed,https://jobs.krd/explore-jobs/Sales-Representative-(Male)-2871
